entry	subcase	foreclosure_layer	validation_locus	owner_phase	case_family
3.1	default	type-foreclosed	dhall-typecheck	Phase-60	storage
3.2	pv-pvc-index	type-foreclosed	gadt-decode	Phase-27	storage
3.3	live-service-route-index	type-foreclosed	gadt-decode	Phase-27	security
3.4	service-derived-address	type-foreclosed	gadt-decode	Phase-33	security
3.5	schedulability	decode-foreclosed	provision-seal	Phase-9	topology
3.6	dependency-policy	type-foreclosed	gadt-decode	Phase-33	security
3.7	closed-ingress-shape	type-foreclosed	dhall-typecheck	Phase-27	security
3.7	endpoint-kind-index	type-foreclosed	gadt-decode	Phase-27	security
3.8	tenant-index	type-foreclosed	gadt-decode	Phase-27	security
3.9	envelope-handle	type-foreclosed	gadt-decode	Phase-61	security
3.10	owner-index	type-foreclosed	gadt-decode	Phase-27	security
3.11	resource-envelope	type-foreclosed	dhall-typecheck	Phase-25	security
3.12	capability-union	type-foreclosed	dhall-typecheck	Phase-25	capability-provision
3.13	engine-union	type-foreclosed	dhall-typecheck	Phase-9	topology
3.14	unsupported-bare-substrate	type-foreclosed	dhall-typecheck	Phase-27	topology
3.15	kind-host-cardinality	type-foreclosed	dhall-typecheck	Phase-25	topology
3.16	fixed-node-cardinality	type-foreclosed	dhall-typecheck	Phase-27	topology
3.16	distinct-hosts	decode-foreclosed	gadt-decode	Phase-27	topology
3.17	rolling-progress	decode-foreclosed	gadt-decode	Phase-27	capacity
3.17	deployment-host-resource	decode-foreclosed	gadt-decode	Phase-27	capacity
3.17	statefulset-once	decode-foreclosed	gadt-decode	Phase-27	capacity
3.17	statefulset-host-resource	decode-foreclosed	gadt-decode	Phase-27	capacity
3.17	daemonset-host-resource	decode-foreclosed	gadt-decode	Phase-27	capacity
3.17	job-host-resource	decode-foreclosed	gadt-decode	Phase-27	capacity
3.17	hostprocess-pod-resource	decode-foreclosed	gadt-decode	Phase-27	capacity
3.17	cuda-rolling	decode-foreclosed	gadt-decode	Phase-27	capacity
3.17	metal-deployment-policy	decode-foreclosed	gadt-decode	Phase-27	capacity
3.17	daemonset-both-positive	type-foreclosed	dhall-typecheck	Phase-27	capacity
3.17	statefulset-unsupported-feature	type-foreclosed	dhall-typecheck	Phase-27	capacity
3.17	statefulset-nonzero-partition	type-foreclosed	dhall-typecheck	Phase-27	capacity
3.17	job-missing-terminal-retention	type-foreclosed	dhall-typecheck	Phase-27	capacity
3.18	bounded-storage-arm	type-foreclosed	dhall-typecheck	Phase-25	storage
3.19	logical-physical-fit	decode-foreclosed	provision-seal	Phase-28	storage
3.20	retention-policy	type-foreclosed	dhall-typecheck	Phase-25	storage
3.21	scaling-policy	type-foreclosed	dhall-typecheck	Phase-25	storage
3.22	derived-toleration	type-foreclosed	dhall-typecheck	Phase-33	topology
3.23	produce-codec	type-foreclosed	gadt-decode	Phase-27	messaging
3.23	consume-codec	decode-foreclosed	gadt-decode	Phase-27	messaging
3.24	rke2-server-cardinality	type-foreclosed	dhall-typecheck	Phase-25	topology
3.25	artifact-identity	type-foreclosed	dhall-typecheck	Phase-32	ml-asset
3.26	promotion-evidence	type-foreclosed	gadt-decode	Phase-71	lifecycle
3.27	placement-witness	decode-foreclosed	provision-seal	Phase-9	capacity
3.28	accelerator-owner	type-foreclosed	dhall-typecheck	Phase-29	accelerator
3.29	host-demand-fit	decode-foreclosed	provision-seal	Phase-9	capacity
3.30	accelerator-memory-fit	decode-foreclosed	provision-seal	Phase-29	accelerator
3.31	single-topology-index	type-foreclosed	gadt-decode	Phase-9	topology
3.32	bounded-training-retention	type-foreclosed	dhall-typecheck	Phase-28	storage
3.33	merge-order	type-foreclosed	dhall-typecheck	Phase-67	messaging
3.34	app-model-owner	decode-foreclosed	gadt-decode	Phase-69	ml-asset
3.35	remote-networking-field	type-foreclosed	dhall-typecheck	Phase-9	topology
3.36	control-plane-reach	decode-foreclosed	gadt-decode	Phase-9	topology
3.37	managed-hybrid-arm	type-foreclosed	dhall-typecheck	Phase-9	topology
3.38	host-worker-reach	type-foreclosed	gadt-decode	Phase-9	topology
3.39	site-index	type-foreclosed	gadt-decode	Phase-9	topology
3.40	ingress-reach-index	type-foreclosed	gadt-decode	Phase-33	security
3.41	readiness-order	decode-foreclosed	gadt-decode	Phase-34	lifecycle
3.42	admin-capability	type-foreclosed	gadt-decode	Phase-61	security
3.43	monitoring-shape	type-foreclosed	dhall-typecheck	Phase-31	capacity
3.44	migration-drain-index	type-foreclosed	gadt-decode	Phase-75	multicluster
3.45	policy-owner	type-foreclosed	gadt-decode	Phase-31	capability-provision
3.46	declared-fault-target	type-foreclosed	gadt-decode	Phase-34	lifecycle
3.47	derived-rpo	type-foreclosed	dhall-typecheck	Phase-74	multicluster
3.48	distinct-clusters	decode-foreclosed	gadt-decode	Phase-74	multicluster
3.49	parent-scope-index	type-foreclosed	gadt-decode	Phase-74	multicluster
3.50	derived-failover-mode	type-foreclosed	dhall-typecheck	Phase-74	multicluster
3.51	closed-disposition	type-foreclosed	dhall-typecheck	Phase-74	multicluster
3.52	unique-dns-cluster	decode-foreclosed	gadt-decode	Phase-74	multicluster
3.53	backup-medium-fit	decode-foreclosed	provision-seal	Phase-28	storage
3.54	append-only-mutation	type-foreclosed	dhall-typecheck	Phase-34	backup
3.55	put-only-credential	decode-foreclosed	gadt-decode	Phase-34	backup
3.56	manual-media-witness	type-foreclosed	gadt-decode	Phase-34	backup
3.57	fresh-restore-target	type-foreclosed	gadt-decode	Phase-34	backup
3.58	bounded-retention	type-foreclosed	dhall-typecheck	Phase-34	backup
3.59	failure-domain-distinctness	decode-foreclosed	gadt-decode	Phase-34	backup
3.60	disjoint-capacity-pool	decode-foreclosed	provision-seal	Phase-28	storage
3.61	encrypted-backup-output	decode-foreclosed	rendered-artifact-oracle	Phase-33	backup
3.62	key-domain-independence	decode-foreclosed	gadt-decode	Phase-34	backup
3.63	verified-artifact-index	type-foreclosed	gadt-decode	Phase-34	backup
3.64	tenant-index	type-foreclosed	gadt-decode	Phase-34	backup
3.65	airgap-union	type-foreclosed	dhall-typecheck	Phase-34	backup
3.66	retention-floor	decode-foreclosed	gadt-decode	Phase-34	backup
3.67	restore-target-fit	decode-foreclosed	provision-seal	Phase-28	storage
3.68	policy-coordinate-owner	decode-foreclosed	gadt-decode	Phase-34	backup
3.69	freshness-witness	runtime-checked	live-effect	Phase-74	multicluster
3.70	cadence-bound	decode-foreclosed	gadt-decode	Phase-74	multicluster
3.71	derived-watermark	decode-foreclosed	gadt-decode	Phase-74	multicluster
3.72	headroom-over-limit	decode-foreclosed	gadt-decode	Phase-27	capacity
3.72	headroom-all-zero	decode-foreclosed	gadt-decode	Phase-27	capacity
3.73	padded-reservation-fit	decode-foreclosed	provision-seal	Phase-9	capacity
3.74	image-catalog-union	type-foreclosed	dhall-typecheck	Phase-56	image
3.75	process-role	type-foreclosed	dhall-typecheck	Phase-56	image
3.76	build-content-union	type-foreclosed	dhall-typecheck	Phase-56	image
3.77	linked-extension	decode-foreclosed	gadt-decode	Phase-56	image
3.78	extension-source	type-foreclosed	extension-astcheck	Phase-34	lifecycle
3.79	authorization-reference	type-foreclosed	dhall-typecheck	Phase-38	ui
3.80	subject-scope	type-foreclosed	gadt-decode	Phase-8	ui
3.81	flow-label	decode-foreclosed	gadt-decode	Phase-8	ui
3.82	browser-effect-union	type-foreclosed	dhall-typecheck	Phase-39	ui
3.83	plan-source-identity	decode-foreclosed	provision-seal	Phase-40	ui
3.84	untrusted-model-output	type-foreclosed	dhall-typecheck	Phase-38	ui
3.85	non-destructive-verb	type-foreclosed	dhall-typecheck	Phase-34	storage
3.86	retained-coordinate	decode-foreclosed	gadt-decode	Phase-71	storage
3.87	monitoring-obligation	type-foreclosed	dhall-typecheck	Phase-31	capacity
3.88	migration-owner	type-foreclosed	dhall-typecheck	Phase-75	multicluster
3.89	context-role-cell	type-foreclosed	dhall-typecheck	Phase-55	topology
3.90	role-indexed-cardinality	type-foreclosed	dhall-typecheck	Phase-55	topology
3.91	public-route-scope	type-foreclosed	gadt-decode	Phase-43	security
3.91	route-mode-parity	decode-foreclosed	provision-seal	Phase-43	security
3.91	anonymous-probe	runtime-checked	live-effect	Phase-43	security
3.92	absent-scope-filter	type-foreclosed	gadt-decode	Phase-36	security
3.92	emitted-row-policy	decode-foreclosed	rendered-artifact-oracle	Phase-36	security
3.93	offline-session-forgery	type-foreclosed	gadt-decode	Phase-41	security
3.93	attestation-introduction	decode-foreclosed	provision-seal	Phase-41	security
3.93	tampered-envelope-probe	runtime-checked	live-effect	Phase-41	security
3.94	adjacent-id-transposition	type-foreclosed	gadt-decode	Phase-8	security
3.95	replay-key-scope	type-foreclosed	gadt-decode	Phase-41	security
3.95	replay-namespace-probe	runtime-checked	live-effect	Phase-41	security
3.96	nullable-scope-column	decode-foreclosed	rendered-artifact-oracle	Phase-66	security
3.96	orphan-row-probe	runtime-checked	live-effect	Phase-66	security
3.97	key-injectivity	decode-foreclosed	gadt-decode	Phase-36	security
3.97	emitted-keyspace	decode-foreclosed	rendered-artifact-oracle	Phase-36	security
